Word	Count
gun	98
people	74
students	70
neveragain	62
march	56
violence	54
trump	47
parkland	47
today	47
guns	45
nra	40
kids	38
school	30
student	30
support	29
movement	28
change	27
maga	26
dc	25
lives	25
young	24
hey	23
day	23
world	22
time	22
good	21
proud	21
country	21
stand	20
shooting	20
control	20
high	19
town	19
work	18
join	18
left	18
hope	18
watch	17
mass	16
vote	16
part	15
saturday	15
war	15
news	15
resist	15
amendment	14
hall	14
youth	14
laws	14
give	14
resistance	14
event	14
powerful	14
rights	14
gunreformnow	14
marching	14
feel	14
stoneman	13
show	13
video	13
sign	13
america	13
years	13
amazing	13
douglas	12
child	12
state	12
washington	12
city	12
speech	12
friends	12
retweet	12
guncontrol	12
london's	11
msdstrong	11
justice	11
stabbings	11
americans	11
davidhogg	11
top	11
important	11
enoughisenough	11
black	11
protest	11
fight	11
survivors	11
marched	10
city=no	10
happened	10
remember	10
afghanistan	10
group	10
democracy	10
leading	10
history	10
president	10
check	10
read	10
police	10
protect	10
king	10
happy	10
love	10
d.c	9
social	9
theresistance	9
children	9
stop	9
rt	9
crowd	9
youtube	9
report	9
law	9
experiences	9
issue	9
organizers	9
guncontrolnow	9
action	9
brother	9
gop	9
weâ€™re	9
victims	9
moment	9
free	9
making	8
thousands	8
citizens	8
epa	8
gave	8
assault	8
forget	8
call	8
incredible	8
american	8
mt	8
participation	8
demand	8
clear	8
activists	8
john	8
led	8
year	8
real	8
gunviolence	8
future	8
rally	8
teens	8
sinclairstrike	8
marjory	8
great	8
government	8
related	8
photo	8
tcot	8
schools	8
farmers	8
shootings	8
defundpp	8
civil	7
elections	7
solidarity	7
problem	7
life	7
politicians	7
weekend	7
create	7
family	7
deaths	7
corrupt	7
paul	7
hands	7
listen	7
house	7
marches	7
chicago	7
true	7
gunreform	7
protesters	7
blacklivesmatter	7
sense	7
common	7
killed	7
obama	7
tomorrow	7
talking	7
words	7
hold	7
called	7
lost	7
streets	6
strong	6
white	6
florida	6
ted	6
weapons	6
represent	6
leaders	6
townhallforourlives	6
facts	6
media	6
standing	6
issues	6
luther	6
activist	6
speak	6
voices	6
latest	6
organized	6
breaking	6
stay	6
ready	6
beautiful	6
night	6
everyday	6
calling	6
democratic	6
ingraham	6
terrorist	6
story	6
states	6
year-old	6
youâ€™re	6
emma	6
meeting	6
wow	6
canâ€™t	6
survivor	6
talk	6
honored	6
running	6
trumprussia	6
open	6
money	6
gunsense	6
signs	6
armed	6
scottpruitt	6
care	5
unalienable	5
waiting	5
marco	5
attack	5
beginning	5
blog	5
repeal	5
los	5
naomi	5
wasnâ€™t	5
small	5
paid	5
minutes	5
demanding	5
follow	5
public	5
hero	5
continue	5
martin	5
montpelier	5
weeks	5
st	5
donated	5
hundreds	5
policies	5
laura	5
hard	5
full	5
friday	5
kid	5
week	5
share	5
u.s	5
fox	5
wanted	5
buy	5
permit	5
arenâ€™t	5
stands	5
fighting	5
spread	5
holding	5
responsible	5
attacks	5
foxnews	5
watched	5
million	5
communities	5
ban	5
ndamendment	5
msd	5
constitution	5
wonâ€™t	5
angeles	5
access	5
live	5
pro	5
article	5
color	5
shill	5
silence	5
long	5
popular	5
political	5
energy	5
congress	5
voters	5
add	5
potter	4
women	4
play	4
wrote	4
hell	4
mccartney	4
teenagers	4
congressional	4
act	4
step	4
wait	4
research	4
african-american	4
adults	4
renee	4
word	4
simple	4
protests	4
yolanda	4
letâ€™s	4
trust	4
spoken	4
banassaultweapons	4
parklandstudents	4
confirmation	4
abortion	4
b/c	4
wadler	4
national	4
leads	4
inspired	4
put	4
message	4
send	4
due	4
office	4
asked	4
point	4
performance	4
stories	4
registration	4
strength	4
raised	4
learn	4
save	4
community	4
district	4
church	4
wearing	4
heard	4
april	4
morning	4
checks	4
organizing	4
cities	4
yoder	4
twitter	4
choice	4
gonzalez	4
backpacks	4
backpack	4
hypocrites	4
notonemore	4
thereâ€™s	4
outrage	4
incredibly	4
massachusetts	4
metoo	4
saved	4
wisconsin	4
thoughts	4
jr	4
start	4
worry	4
literally	4
safer	4
happen	4
owned	4
lifetime	4
times	4
education	4
race	4
gullible	4
appreciated	4
internal	4
register	4
kill	4
candidate	4
thought	4
pm	4
guys	4
speaking	4
steal	4
takes	4
gotta	4
date	4
solve	4
supporting	4
border	4
shot	4
stonemandouglas	4
bringing	4
nation	4
subscribe	4
granddaughter	4
threw	4
peers	4
yeah	4
harry	4
grateful	4
passion	4
god	4
didnâ€™t	4
invited	4
stormydaniels	4
survived	4
boycottnra	4
republicans	4
easy	4
wave	4
families	4
november	4
die	4
sandy	4
tucker	4
power	4
reform	4
brat	4
background	4
showed	4
trump's	4
jack	4
interview	4
generation	4
voice	4
excuse	3
pay	3
matter	3
tariffs	3
cowards	3
learned	3
members	3
conversations	3
fake	3
threats	3
educate	3
kind	3
cares	3
spies	3
effort	3
dave	3
official	3
scott	3
rest	3
pluribus	3
posters	3
wake	3
demands	3
thatâ€™s	3
integrity	3
talked	3
campus	3
hypocrisy	3
board	3
explain	3
carlson	3
friend	3
republican	3
nazi	3
americaâ€™s	3
glad	3
harm	3
commonsense	3
college	3
doesnâ€™t	3
dying	3
implement	3
hogg	3
seizure	3
excited	3
accidents	3
replaced	3
fbi	3
whatâ€™s	3
enjoy	3
complete	3
met	3
forfeit	3
post	3
conversation	3
democrats	3
opinion	3
hate	3
understanding	3
fought	3
comment	3
understand	3
judgeship	3
dropped	3
borges	3
chavez	3
parklandshooting	3
safe	3
yesterday	3
firearm	3
man	3
simply	3
condoms	3
leftists	3
walking	3
climb	3
lobbying	3
policy	3
bad	3
anthony	3
job	3
fbr	3
pre-arrest	3
hand	3
suffer	3
doj	3
dr	3
baby	3
questions	3
inspiring	3
cover	3
moved	3
acknowledge	3
tired	3
stage	3
number	3
started	3
election	3
funds	3
terrorists	3
crisis	3
endcaca	3
senator	3
student-organized	3
protecting	3
gift	3
disgusting	3
ariana	3
head	3
including	3
edna	3
regular	3
liberal	3
happening	3
bullets	3
fuentes	3
fellow	3
north	3
legislation	3
pushing	3
girls	3
wouldnâ€™t	3
goal	3
crew	3
cruz	3
iwillmarch	3
deserve	3
stricter	3
crucial	3
human	3
nomore	3
attention	3
hook	3
flies	3
joined	3
thread	3
rail	3
soros	3
shooter	3
emotion	3
baltimore	3
ar	3
raise	3
al	3
red	3
pathtocitizenship	3
videoâ€”young	3
las	3
msm	3
samantha	3
daily	3
economy	3
irony	3
supporters	3
prayers	3
advocate	3
vegan	3
david	3
safety	3
participating	3
prevent	3
kevin	3
icymi	3
shit	3
room	3
movements	3
clean	3
tax	3
cameron	3
rot	3
planned	3
administration	3
huge	3
rubio	3
page	3
profile	3
counter	3
scotus	3
participated	3
stats	3
yep	3
heâ€™s	3
identity	3
restore	3
perfectly	3
rifles	3
worth	3
guestworkerprogram	3
face	3
covered	3
memorial	3
pictures	3
deep	3
israel	3
unum	3
guncontolnow	3
bullying	3
blm	3
moving	3
local	3
place	3
continuing	3
legacy	3
putting	3
trade	3
lie	3
shooters	3
shame	3
appoint	3
leadership	3
folks	3
days	3
invented	3
crops	3
seek	3
ppl	3
rise	3
currency	3
included	3
bigger	3
champaign	3
dangerous	3
voted	3
information	3
rising	3
bit	3
marjorie	3
sending	3
spirit	3
average	3
interested	3
awesome	3
legal	3
conservative	2
explains	2
dear	2
plane	2
alright	2
teaching	2
backfire	2
listened	2
floridashooting	2
conference	2
neurotoxin	2
preserve	2
ashallnotbeinfringed	2
elementary	2
wa	2
usa	2
service	2
nationalburritoday	2
thurgood	2
voteoutgop	2
loaned	2
attorney	2
lauraingrahm	2
forfeiture	2
cult	2
momentum	2
protestors	2
spent	2
fun	2
appointees	2
liar	2
bob	2
lauraingraham	2
answer	2
highest	2
opportunity	2
incidents	2
messages	2
exchange	2
opioids	2
studentsstandup	2
oligarchs	2
normal	2
obama-garland	2
tedcruz	2
meme	2
hazards	2
arrived	2
nasimaghdam	2
documented	2
fear	2
googled	2
vt	2
proper	2
bop	2
reached	2
sos	2
accuses	2
todayâ€™s	2
emerge	2
will-will	2
joins	2
gathered	2
pink	2
raleigh	2
month	2
civic	2
chase	2
demforce	2
babies	2
gun-owner	2
reject	2
yearbook	2
selling	2
giant	2
channel	2
pointed	2
reagan	2
fell	2
markers	2
theyâ€™re	2
record	2
committed	2
w/gun	2
impeachtrump	2
shout	2
governments	2
biggest	2
celebrity	2
corporation-government	2
spend	2
deerfield	2
names	2
ty	2
baptist	2
trauma	2
quick	2
key	2
screaming	2
america's	2
fair	2
wall	2
anthem	2
pays	2
nrabloodmoney	2
surprised	2
broke	2
courage	2
murderer	2
stormy	2
firing	2
find	2
poor	2
fall	2
hire	2
flag	2
proudly	2
cover-up	2
liam	2
lessons	2
entertainers	2
performing	2
told	2
rev	2
marchforlife	2
twit	2
inform	2
changing	2
middleclass	2
poll	2
disproportionately	2
violates	2
protection	2
cnn	2
isnâ€™t	2
freedom	2
sympathy	2
viewers	2
rallied	2
explosive	2
kansas	2
capitol	2
extensive	2
big	2
filled	2
iraq	2
donald	2
performed	2
surrendering	2
reach	2
continuously	2
id's	2
marchforourlivesdc	2
who/which	2
nashville	2
nevertrump	2
continued	2
require	2
ages	2
curious	2
sincerely	2
devices	2
turn	2
potus	2
remind	2
donations	2
wore	2
la	2
voting	2
advertising	2
question	2
carry	2
wolf	2
interfere	2
bullet	2
younger	2
changetheref	2
rational	2
whatif	2
guts	2
autocrats	2
merry	2
zest	2
joke	2
points	2
massive	2
tonight	2
nyc	2
hosting	2
worse	2
begun	2
son	2
pledge	2
mental	2
politics	2
months	2
opened	2
meant	2
nra-funded	2
carolina	2
lot	2
atlanta	2
corruption	2
theyâ€™ll	2
metro	2
milk	2
lead	2
stars	2
dorothy	2
ticket	2
anti	2
orlando	2
antuna	2
ass	2
commending	2
afraid	2
alllivesmatter	2
stopped	2
rule	2
guest	2
conspiracy	2
gay	2
strut	2
organization	2
boyleheights	2
teachers	2
shoot	2
hungary	2
nature	2
fails	2
staywoke	2
killing	2
awareness	2
skim	2
location	2
fbrparty	2
england	2
process	2
clearbackpacks	2
darling	2
fixing	2
facing	2
victim	2
endgunviolence	2
playlist	2
team	2
insufficient-which	2
giveaway	2
patriots	2
blacktwitter	2
shouldnâ€™t	2
majority	2
refuse	2
faces	2
shared	2
wethepeople	2
noticed	2
front	2
marchers	2
writer	2
consume	2
cool	2
introducing	2
ensure	2
juwan	2
fatal	2
earth	2
case	2
heartfelt	2
expects	2
weasel	2
officer	2
bullshit	2
peter	2
humanity	2
fraud	2
headlines	2
appears	2
agree	2
lies	2
jontell	2
dontshoot	2
united	2
list	2
walkout	2
progressive	2
corporate	2
fueling	2
proof	2
write	2
teenage	2
treat	2
seconds	2
crime	2
wecallbs	2
mypillow	2
footage	2
makeamericagreatagain	2
anti-gun	2
intern	2
fashion	2
total	2
digital	2
houston	2
participants	2
matters	2
stephanie	2
kennedy	2
sponge	2
involved	2
ratings	2
jobseekers	2
trouble	2
durant	2
michael	2
sad	2
bootpruitt	2
calltoaction	2
helena	2
pressure	2
marshall	2
saturdayâ€™s	2
campaign	2
books	2
impossible	2
received	2
instagram	2
notmylunatic	2
twibbon	2
international	2
tbt	2
honor	2
putin's	2
spoke	2
bring	2
react	2
run	2
i.e	2
shirts	2
absolutely	2
multiple	2
sustain	2
chooselife	2
filming/sharing	2
king's	2
trumpcolluded	2
suburban	2
brilliant	2
security	2
murder	2
earhardt	2
looney	2
mail	2
rep	2
want2	2
gunsensenow	2
unanimously	2
impacted	2
junior	2
green	2
spalding	2
unhinged	2
significant	2
bully	2
confiscation	2
packed	2
teenpoliticalforum	2
propaganda	2
star	2
montgomery	2
arizona	2
letting	2
teenager	2
abortions	2
push	2
dictate	2
ramsay	2
tulare	2
animal	2
poem	2
miami	2
meet	2
swing	2
billclinton	2
bloc	2
luck	2
coordinated	2
cc	2
ag	2
prove	2
anthropology	2
dumb	2
errors	2
stopping	2
todayistandupfor	2
regulated	2
birthday	2
cried	2
facebook	2
crap	2
hat	2
veteran	2
bof	2
emmagonzalez	2
trained	2
telling	2
molonlabe	2
special	2
pruitt	2
millions	2
hogghitler	2
weekends	2
decide	2
wanting	2
exempt	2
fund	2
half-brother	2
murphy	2
discussing	2
pose	2
game	2
parentspromisetokids	2
toactmore	2
brave	2
mar	2
sarah	2
ran	2
clip	2
townhall	2
iâ€™ve	2
son's	2
misspoke	2
lovely	2
courageous	2
efforts	2
historic	2
cab	2
lived	2
written	2
allowed	2
hoggfraud	2
impressive	2
engagement	2
seize	2
rallies	2
engaging	2
murders	2
ignore	2
lies2	2
progressives	2
posts	2
brilliance	2
wonderful	2
break	2
sucks	2
rva	2
auction	2
lennon	2
downtown	2
convention	2
votethemout	2
inch	2
attending	2
jinxed	2
fundraiser	2
explores	2
bans	2
finished	2
closed	2
london	2
personally	2
hq	2
today's	2
whereâ€™s	2
pr	2
anthropological	2
supported	2
ira	2
unnoticed	2
critical	2
infringe	2
turning	2
mustwatch	2
manipulate	2
program	2
pigeon	2
attended	2
pic	2
restrict	2
joining	2
fed-up	2
illegally	2
mercy	2
active	2
tragedy	2
uh	2
flew	2
dem	2
robert	2
pillows	2
ballot	2
guess	2
cards	2
retweeted	2
party	2
stupid	2
ana	2
mlk's	2
impressed	2
person	2
ferguson	2
americ	2
sewer	2
invasion	2
medical	2
figure	2
die-in	2
shows	2
pgh	2
dems	2
spot	2
bye	2
halls	2
purchases	2
iamthenra	2
alice	2
repealthe2ndamendment	2
youtubeshooting	2
parents	2
snowflakes	2
smidge	2
died	2
iâ€™ll	2
owner	2
experienced	2
bravery	2
brown	2
pptk	2
box	2
groups	2
ivankatrump	2
late	2
space	2
pretending	2
loesch	2
worked	2
bullied	2
rapidly	2
mulvaney	2
enemies	2
suicide	2
philosophically-statute	2
claims	2
congressman	2
charge	2
killer	2
governor	2
request	2
training	2
officially	2
people's	2
unused	2
mercers	2
sink	2
california	2
coalworkers	2
po	2
truth	2
highlights	2
wrong	2
depose	2
sheriff	2
leg	2
champion	2
bizzy	2
nightmares	2
tweets	2
foundtonight	2
gt	2
illness	2
imagine	2
factoryworkers	2
bolton	2
natick	2
trump-gorsuch	2
chants	2
nominated	2
protege	2
hereâ€™s	2
donating	2
annual	2
elect	1
heilhogg	1
recognizing	1
scr	1
lack	1
whoops	1
di	1
eyed	1
perform	1
safely	1
concealedcarry	1
profound	1
punches	1
knew	1
internet	1
anger	1
featuring	1
precisely	1
childrenâ€™s	1
burden	1
tears	1
spreads	1
racist	1
bought	1
slightly	1
advocates	1
membership	1
multitude	1
childâ€™s	1
contrast	1
uncanny	1
agents	1
applicat	1
aucklandâ€™s	1
committ	1
davi	1
abiding	1
menace	1
govt	1
marcorubio	1
minded	1
expected	1
youthvote	1
greater	1
il	1
mostfaboudj	1
ccot	1
stuff	1
stayed	1
updates	1
ontyranny	1
chills	1
classi	1
taxes	1
esp	1
sticks	1
funders-spon	1
lynch	1
parks	1
account	1
marchforourlivessacramento	1
ms	1
milesmore	1
arrogance	1
san	1
age	1
reply	1
mom	1
representatives	1
thirdgrade	1
created	1
spew	1
ftp	1
kid's	1
up-trump	1
legislator	1
confiscati	1
outlaw	1
fux	1
demonstrating	1
obituaries	1
bet	1
nrabloodmoney-taking	1
strategy	1
breathless	1
commit	1
blaquefeminist	1
hardening	1
capable	1
colorado	1
mindless	1
boston	1
licensing	1
deripaska	1
enabling	1
militia	1
hispanic	1
conservatives	1
range	1
im	1
ticklinggiants	1
manipulating	1
forming	1
radfems	1
youtubeâ€™s	1
legday	1
stares	1
bennefits	1
keeping	1
carried	1
snopes	1
throwing	1
naomiwadler	1
txpol	1
delivery	1
sleeping	1
member	1
recovery	1
putinâ€™s	1
irs	1
founders	1
hear	1
tough	1
pain	1
nola	1
men	1
unfolded	1
weekly	1
clark	1
exploit	1
nationâ€™s	1
clamoring	1
molanlabe	1
sue4	1
optimism	1
rating	1
vulnerable	1
turbulent	1
recognize	1
armor-plated	1
compare	1
costume	1
maryland	1
wear	1
loonies	1
decade	1
illusions	1
qanon	1
aubrey	1
burlington	1
texas	1
operating	1
scout	1
trumptrain	1
mon	1
burning	1
aobut	1
comics	1
undemocratically	1
stating	1
reason	1
convinced	1
ot	1
chant	1
guaranteed	1
defeated	1
voteforourlives	1
plain	1
con	1
banning	1
asks	1
performers	1
worded	1
believing	1
ian	1
knowing	1
a-mob	1
giving	1
beaty	1
mayor	1
harder	1
cleveland	1
drills	1
trump/nr	1
patton	1
praises	1
idf-ice	1
hahaha	1
ideas	1
jus	1
dnc	1
vowed	1
life-commuted	1
thfol	1
pjnet	1
notice	1
operator	1
performs	1
lewis	1
rick	1
thinking	1
appointed	1
ksleg	1
petty	1
wkend	1
general	1
footsteps	1
recall	1
posting	1
hearts	1
millie	1
lakshmi	1
suppo	1
native	1
broad	1
drunk	1
silenced	1
offsprings	1
rtyreset	1
criminal	1
matched	1
sort	1
definition	1
rednationrising	1
nice	1
numerous	1
recognise	1
tarnish	1
continuation	1
residents	1
bike	1
hoffman	1
turkey	1
occured	1
nunes	1
nah	1
youâ€™d	1
detail	1
resonated	1
wood	1
billy	1
gianna	1
cronies	1
mini	1
types	1
overseeing	1
based	1
fully	1
naturephotography	1
hunter	1
votewiththeminprimaries	1
innaguration	1
hunting	1
boldtv	1
mother	1
traumatized	1
experience	1
trumps	1
indefatigably	1
sharing	1
nato	1
voteearly	1
precious	1
chef	1
truer	1
orders	1
whoâ€™s	1
dated	1
arianators	1
google	1
silencing	1
released	1
woman	1
rea	1
truck	1
skies	1
misrepresented	1
beast	1
lets	1
gina	1
home	1
listening	1
el	1
murdered	1
jaden	1
thorp	1
tyah-amoy	1
snorting	1
np	1
liberty	1
album	1
nc	1
signðŸ’—change	1
slammed	1
marchforourlivessigns	1
fail	1
exposed	1
spewing	1
anymore	1
convey	1
spaces	1
marissa	1
steadily	1
saheedvassell	1
cheer	1
branches	1
vetsforgunreform	1
snub	1
profil	1
steely	1
spacex	1
pocket	1
rewards	1
thousand	1
mileyâ€™s	1
repeatedly	1
children's	1
soundcloud	1
facial	1
uhhhhhhhh	1
conduct	1
cry	1
finally	1
planning	1
ss	1
fundin	1
grande	1
awe-inspiring	1
wrap	1
nellieohr	1
health	1
espionage	1
amped	1
empowering	1
onfox	1
athens	1
righ	1
bear	1
substitute	1
repealed	1
schoolhouse	1
noah	1
darkmoney	1
gun-grabbing	1
interviews	1
colluded	1
changethelaws	1
statue	1
traitors	1
cdc	1
beatles	1
museum	1
kyle	1
charlie	1
flipitblue	1
canwetalk	1
thinker	1
launched	1
reunion	1
supporterâ€™s	1
generous	1
mfol	1
organizer	1
hating	1
graphic	1
bluer	1
east	1
cyberbullied	1
a-rated	1
threat	1
fav	1
flying	1
thin	1
photooftheday	1
gov't	1
touch	1
anne	1
modern	1
ferret-head	1
overdue	1
cash	1
platoons	1
fuckdavidhogg	1
strawman	1
fl	1
cape	1
cheeks	1
secure	1
federal	1
coverage	1
itsnotthegun	1
taste	1
pup	1
pt1	1
sandiego	1
adopted	1
legitimate.th	1
wealthy	1
predictable	1
march4lives	1
result	1
outright	1
ii	1
est	1
pull	1
slaughter	1
buying	1
bene	1
candidates	1
distinction	1
stream	1
continents	1
ummmm	1
youâ€™ll	1
disarm	1
loudly	1
armalite	1
rere	1
rock	1
broaden	1
attend	1
prom	1
goodness	1
pathetic	1
spearheading	1
eye	1
sftl	1
answe	1
looked	1
countries	1
facepalm	1
sister	1
supportive	1
anti-republican	1
maj	1
momâ€™s	1
secretaries	1
girl	1
nra's	1
ottoman	1
heal	1
democracies	1
doubt	1
bs	1
starts	1
on-brand	1
breathtakingly	1
fix	1
kristof's	1
fire	1
fans	1
solution	1
solutions	1
drking	1
tomi	1
revolution	1
horrifying	1
knapsack	1
omaha	1
fundraisi	1
direction	1
longer	1
coretta	1
hit	1
practices	1
gonzalezâ€™s	1
ways	1
gjc	1
hang	1
memory	1
democ	1
goosebump-inducing	1
christian	1
wreaked	1
sees	1
shapiro	1
endured	1
acehardware	1
journey	1
filming	1
illustration	1
communal	1
incites	1
adventure	1
speedy	1
votebymail	1
gathers	1
elonmusk	1
haters	1
complacent	1
societ	1
corrupttothecore	1
enter	1
rallying	1
emy	1
statistics	1
deserves	1
goodkidsmadcity	1
cussed	1
contrary	1
officers	1
central	1
mcintosh	1
umbrage	1
obligation	1
larger	1
jerusalem	1
incr	1
sooo	1
reminder	1
civilian	1
craziness	1
remain	1
refusal	1
ben	1
phone	1
overwhelming	1
aka	1
req	1
dan	1
funny	1
gold	1
bulge	1
hoggthefraud	1
alexander	1
reflecting	1
competitive	1
scenes	1
semiautomatic	1
pollack	1
midler	1
prose	1
rts	1
daniels	1
unintentional	1
measures	1
orange	1
caught	1
expect	1
recalled	1
jacqueline	1
machines	1
worried	1
bonespurs	1
warned	1
shamefully	1
tlot	1
bcos	1
borders	1
dhs	1
aggravated	1
knee	1
problems	1
lib	1
calls	1
boss	1
favor	1
thankyou	1
entire	1
actions	1
vibrant	1
defeat	1
pxrtg	1
gunshot	1
dont	1
stunned	1
lit	1
funding	1
stan	1
petition	1
braille	1
mueller	1
tru	1
bernie	1
fat	1
atlanta's	1
arts	1
adam	1
ednaâ€™s	1
kochbrothers	1
jam	1
series	1
flexibility	1
condition	1
knifecontrolnow	1
senior	1
toon	1
piece	1
interviewed	1
jumps	1
queues	1
weigh	1
thursdaythoughts	1
aware	1
moreeconomy	1
byebyeblackburn	1
outreach	1
secondamendment	1
saddest	1
gov	1
confirmed	1
fusiongps	1
humantrafficking	1
treasure	1
warriors	1
ariel	1
us-led	1
dead	1
channeled	1
faced	1
sue	1
loving	1
held	1
rifle	1
soundproo	1
granddaughter's	1
pete	1
mit	1
sour	1
blue	1
resistmonsters	1
supreme	1
pulitzer	1
hopes	1
manassas	1
demon	1
nave	1
chadwick	1
designed	1
patrol	1
healthcare	1
neveragainmsd	1
holds	1
cia	1
rocker	1
side	1
nationalwalkoutday	1
tag	1
resisting	1
eyes	1
medicareforall	1
fuckyourmarch	1
suggest	1
wondered	1
any-all	1
heads	1
natalie	1
two-bit	1
opportunism	1
voldemort	1
crosses	1
roque	1
concur	1
elizabeth	1
eleven	1
fs5	1
exciting	1
arg	1
burn	1
gunrights	1
trumpcrimesyndicate	1
trumpocalypse	1
ig	1
lasting	1
gunfreezoneskill	1
judge	1
charged	1
rides	1
sufficiency	1
encourages	1
circumvent	1
order	1
press	1
criticisms	1
calendars	1
introverts	1
dcmetropolice	1
palestinians	1
representing	1
lend	1
veterans	1
witch	1
immediately	1
bills	1
nraâ€™s	1
expose	1
miami-dade	1
roberts	1
boxes	1
build	1
shirt	1
nationwide	1
concept	1
playing	1
thos	1
nephew	1
thiel	1
mediawatch	1
area	1
featured	1
wounded	1
fuckthegop	1
dedicated	1
deeper	1
leave	1
protesting	1
nighttime	1
peopl	1
bastards	1
t-shirts	1
depressed	1
josh	1
refusing	1
grandparents	1
handed	1
right-wing	1
repub	1
handful	1
delivered	1
congresswoman	1
sanbruno	1
dunblane	1
gun-control	1
jackson	1
support.the	1
enforcement/prosecutor	1
easter	1
responded	1
consist	1
fit	1
gun-free	1
estimate	1
for.long	1
prepare	1
relevant	1
applies	1
poster	1
mobilizing	1
cabinet	1
prey	1
faster	1
amc	1
decision	1
domestic	1
nugent	1
chief	1
walk	1
toxic	1
frank	1
confronted	1
snappy	1
mf	1
far-right	1
writers	1
slowly	1
aid	1
ortiz	1
quit	1
blame	1
artists	1
events	1
cease	1
ceo	1
declared	1
proposed	1
crazy	1
famous	1
believes	1
reposted	1
holy	1
responsibility	1
widows	1
iâ€™d	1
hug	1
forgotten	1
narrative	1
beneficial	1
stfu	1
operations	1
cruces	1
uplifting	1
tps	1
manâ€™s	1
roughly	1
acluva	1
followbackresistance	1
fundraising	1
bonjour	1
completely	1
connor	1
academy	1
intel	1
hostage	1
fucking	1
violating	1
doug	1
reporting	1
records	1
posted	1
usa-eu	1
moms	1
attends	1
strategist	1
videos	1
foodforourlives	1
vegans	1
flooding	1
atl	1
cornyn	1
motives	1
outstanding	1
namesake	1
living	1
confiscate	1
emotional	1
jesus	1
fees	1
prof	1
cra	1
debates	1
commented	1
carr	1
parklandschoolshooting	1
covert	1
authority	1
mix	1
shower	1
rememberpaulchilds	1
unable	1
dad	1
marks	1
intense	1
weird	1
agenda	1
tour	1
nrandy	1
note	1
bernie's	1
embarrassed	1
davidhoggwash	1
poetry	1
chanting	1
truthy	1
all-new	1
waiter	1
hosts	1
respecties	1
removing	1
daca	1
life's	1
starting	1
ny	1
womenleaders	1
unjust	1
television	1
remembering	1
moscow	1
goodkidsmadcity's	1
evil	1
dads	1
print	1
march4ourlives	1
davidhoggisabully	1
skinned	1
ratcheted	1
determination	1
studies	1
kc	1
cvs	1
schoolers	1
coming	1
student-led	1
unreal	1
sc	1
greatawakening	1
totally	1
constant	1
theaters	1
grabbers	1
criminals	1
offended	1
scpol	1
art	1
goin	1
cathartic	1
sheâ€™s	1
ndamendmentrights	1
shoulder	1
administrators	1
mindbodysoul	1
gates	1
texts	1
hidingunderhisdesk	1
horrible	1
kushner	1
hoping	1
treason	1
guards	1
credit	1
starvation/bombing	1
thirsty	1
bff	1
tremendously	1
passing	1
week's	1
comprehensive	1
hegemony	1
lifeâ€™s	1
style	1
hudson	1
kashuv	1
defend	1
schoo	1
ryan's	1
yoderâ€™s	1
arguing	1
pollard	1
prolife	1
death	1
marchforourrights	1
refute	1
south	1
ed	1
parenthood	1
underage	1
stock	1
gu	1
pursuing	1
smart	1
cityofangels	1
thoughtful	1
blood	1
boone	1
speech-free	1
grade	1
perceived	1
lovetrumpshate	1
info	1
denounce	1
banging	1
attempt	1
youtubehq	1
harsh	1
privacy	1
unbelievably	1
retirement	1
padma	1
disappointed	1
disrupting	1
stillwithyou	1
embrace	1
lineup	1
flickr	1
votes	1
ca	1
pace	1
thin-skinned	1
thegreatawakening	1
moral	1
marked	1
philadelphia's	1
lifelong	1
liv	1
song	1
tyranny	1
futures	1
bump	1
type	1
snow	1
outlets	1
dtom	1
shout-out	1
peoples	1
shut	1
rectify	1
ruby	1
stance	1
hour	1
visit	1
urgent	1
hot	1
libs	1
poise	1
votewiththeminnov	1
incompetent	1
zero-sum	1
jeffkasky	1
mlkâ€™s	1
wayne	1
granny	1
legislators	1
landed	1
colleagues	1
ends	1
publicity	1
letter	1
gained	1
bragged	1
banautoassaultknives	1
muslim	1
hobbs	1
justin	1
patriot	1
extolling	1
soldiers	1
rigorous	1
picture	1
unroll	1
pupâ€™s	1
ron	1
air	1
working	1
sponsored	1
ordinary	1
brought	1
mlk	1
maig	1
mandator	1
west	1
homage	1
arc	1
failures	1
treasonous	1
knives	1
finger	1
higher	1
vinegar	1
representative	1
columbia	1
added	1
internetbillofrights	1
discussion	1
obey	1
complains	1
wounds	1
advocacy	1
click	1
wakeupamerica	1
german	1
cyrus	1
blackstudents	1
persistent	1
comments	1
commitment	1
cnnprime	1
terrible	1
newtown	1
glom	1
speaker	1
traumatic	1
assa	1
olivia	1
ducey's	1
loans	1
reflect	1
honey	1
equal	1
legend	1
balls	1
xkgb	1
mexican	1
mentioned	1
tweet	1
wacko	1
sing	1
mulligans	1
influencing	1
pray	1
awakened	1
puts	1
agent	1
influential	1
feels	1
gotv	1
stood	1
programs	1
chump	1
hoggwash	1
butter	1
signsforourlives	1
transparent	1
btw	1
traitor	1
relocatetherace	1
sam	1
diego	1
quickly	1
meadow	1
flows	1
betoâ€™s	1
trump-gop	1
operation	1
leftâ€™s	1
ranged	1
belief	1
tho	1
programs|national	1
w/your	1
melaniaknew	1
arms	1
standfortheirlives	1
selena	1
epic	1
falls	1
fierce	1
belong	1
scho	1
miley	1
expression	1
santorum/steve	1
possess	1
ep	1
mandatory	1
confident	1
trevor	1
gains	1
contr	1
homicide	1
apar	1
riseup	1
terrir(those	1
paintings	1
embraces	1
sick	1
believable	1
fb	1
ronald	1
battle	1
bus	1
entrepreneurshipstartup	1
go-fers	1
declare	1
thechi	1
mom's	1
nastyarybka	1
infiltrate	1
club	1
nervous	1
grow	1
paycheck	1
pair	1
spring	1
scumbag's	1
worldwaterday	1
concealed	1
itshisstupidbasestupid	1
lax	1
exposing	1
fact	1
registernowwith2friends	1
angry	1
artist	1
explanation	1
learning	1
images	1
weapon	1
vinyl	1
pt2	1
catch	1
spor	1
disgusted	1
gun-nuts	1
cute	1
suing	1
intelligent	1
indoctrinated	1
twt	1
worst	1
underwood	1
doing-but	1
w/me	1
poorly	1
citizen	1
condemned	1
impression	1
mark	1
yout	1
marchfortownhalls	1
constituency	1
quarter	1
niko	1
relentless	1
developed	1
blocked	1
opponents	1
brunswick	1
button	1
food	1
debate	1
rude	1
deerfieldillinois	1
imo	1
daughter	1
considered	1
drew	1
rampage	1
region	1
angel	1
montage	1
souls	1
donovan	1
lawyers	1
mega	1
navy	1
questionnaire	1
commission	1
losecruz	1
stephon	1
helmet-head	1
marzo	1
unborn	1
derailing	1
privatize	1
hijacks	1
scifi	1
youâ€™ve	1
grown-ups	1
force	1
unimaginable	1
sang	1
op-ed	1
rage	1
secret	1
kraft	1
booya	1
ste	1
so-called	1
thestormhascome	1
sell	1
singing	1
rain	1
george	1
putin	1
tank	1
criticized	1
duck	1
hasnâ€™t	1
wishing	1
largest	1
vetsvsthenra	1
happiness	1
showing	1
h4ead	1
freespeech	1
cut	1
effects	1
served	1
buffer	1
nasim	1
autisticwhileblack	1
weâ€™ll	1
summit	1
bo	1
masters	1
joan	1
feb	1
ge	1
rkba	1
gaza	1
radical	1
parliament	1
hours	1
constitutional	1
fallen	1
award	1
response	1
accomplished	1
theyve	1
armor-clad	1
nraboycott	1
impassioned	1
videoclip	1
stevens	1
warrants	1
whites	1
christopher	1
humans	1
jared	1
usa's	1
moments	1
columbus	1
russian	1
yorkâ€™s	1
mp	1
yo	1
applicatio	1
pysops	1
sÃ£o	1
form	1
philly	1
ple	1
nra/gun	1
duration	1
forum	1
hazardous	1
forour	1
sisters	1
gee	1
sharp	1
throw	1
gunder	1
authoritarianism	1
ashamed	1
slaves	1
argue	1
science	1
selma	1
disagree	1
bourbon	1
breed	1
rebootreality	1
editing	1
amounts	1
mic	1
lago	1
germa	1
mobilization	1
fightforourlives	1
honors	1
kickbacks	1
mile	1
clarity	1
urged	1
forfe	1
broken	1
tells	1
davidhoggisafraud	1
arisetafari	1
silent	1
male	1
desert	1
retard	1
weather	1
boycottthenra	1
boycott	1
comebacks	1
demonstration	1
sixte	1
anniversary	1
mock	1
jobs	1
insulting	1
donor	1
helping	1
bluewave	1
minions	1
perfect	1
games	1
kanye	1
photographer	1
bow	1
delete	1
communist	1
snowflake	1
installation	1
democrat	1
winnie	1
homicides	1
dialogue	1
regulatory	1
camp	1
accompany	1
unarmed	1
grandma	1
haha	1
waste	1
reporter	1
europe	1
idiotic	1
rushed	1
bullshitter	1
gentlemen	1
complicit	1
celebs	1
riding	1
tictocnews	1
bu	1
barack	1
authorities	1
bullies	1
kushner's	1
obsessed	1
assaultweapons	1
jfc	1
park	1
includi	1
downgraded	1
tel	1
guardian	1
faves	1
wannabe	1
aimed	1
violent	1
line	1
serving	1
shoutout	1
raped	1
nratv	1
book	1
annapolis	1
gain	1
motorcade	1
gunned	1
reportedly	1
arrest	1
damage	1
beginni	1
loyalty	1
flat	1
bc	1
liberals	1
leroy	1
estates	1
maybe-to	1
firearms	1
newmusic	1
registering	1
raptors	1
fakenews	1
loved	1
building	1
cedar	1
soundproof	1
columbine	1
carrying	1
hoggler	1
repealthe2nd	1
closer	1
contagious	1
incontrovertible	1
owning	1
researchers	1
statement	1
decency	1
corey	1
impact	1
kag	1
socialists	1
genocide	1
win	1
wing	1
interest	1
decades	1
aggressive	1
effective	1
babys	1
duty	1
reforms	1
yemen	1
hotel	1
faultlines	1
fiverr	1
movement's	1
gt;opinion	1
howard	1
soar	1
paulo	1
fearless	1
urbana	1
york	1
difference	1
trillion	1
unconscious	1
stopgunviolence	1
survi	1
detroit	1
eastmond	1
sings	1
obamasucks	1
played	1
ton	1
teacher	1
guy	1
allen	1
alton	1
thexfiles	1
editorial	1
notallmuslims	1
global	1
turnout	1
criticizing	1
retouch	1
delivers	1
mind	1
effing	1
lyvia	1
precedent	1
lapierre	1
pawnee	1
critics	1
hpsci	1
disgu	1
sharptonâ€™s	1
israel's	1
youthvoice	1
concluded	1
ricardo	1
troops	1
accepting	1
buses	1
coffee	1
include	1
needed	1
deadly	1
repeat	1
lift	1
signed	1
dozens	1
amjadi's	1
phoenix	1
fabricated	1
status	1
sweeping	1
bond	1
fsb	1
seventeam	1
magaoneradio	1
rsvp	1
dissolution	1
deleted	1
midst	1
hurd	1
union	1
lockherup	1
moisture	1
dumbest	1
toting	1
fourth	1
erin	1
librarian	1
estimated	1
couple	1
congratulate	1
tougher	1
ecological	1
determined	1
army	1
taught	1
importance	1
differenc	1
shouldâ€™ve	1
roar	1
wins	1
arlington	1
upt8	1
beloved	1
lines	1
suffered	1
yards	1
againstbthe	1
adefenders	1
bill	1
gonna	1
complained	1
application	1
seedy	1
assassination	1
obtain	1
cent	1
plutocrats	1
host	1
aalayah	1
mytake	1
sharpton	1
theyâ€™ve	1
womensmarch	1
rantsandrandomness	1
punk	1
forms	1
cemented	1
prote	1
loser	1
ladies	1
gunshots	1
micheal	1
sexualassault	1
unite	1
sid	1
cunt	1
hallforall	1
plenty	1
organize	1
assaulted	1
fanatics	1
nebraska	1
spontaneous	1
stranger	1
bravo	1
sweet	1
sibling	1
brainless	1
favtweets	1
discouraged	1
codders	1
helped	1
peace	1
civics	1
genocidal	1
angle	1
fugitives	1
krassenstein	1
jennifer	1
neighborhood	1
football	1
reminds	1
ale	1
wavier	1
odds	1
hiding	1
drop	1
france	1
obamaslegacy	1
physician	1
paranoid	1
universal	1
nicholas	1
set	1
dream	1
websites	1
forceps	1
songs	1
graduate	1
crying	1
committee	1
mercy-sponsored	1
discusses	1
registered	1
mackenzie's	1
purposeful	1
disheartening	1
ga	1
owe	1
consoling	1
hugs	1
presidential	1
entering	1
episode	1
hitler	1
louis	1
bobby	1
indefensible	1
aclu	1
mm	1
honestly	1
standindivisible	1
needless	1
demonizing	1
socal	1
describe	1
invisible	1
born	1
knife	1
mobilize	1
coward	1
imthenra	1
illegal	1
wednesdaywisdom	1
backontrack	1
wastingyourtime	1
dahlonega	1
promise	1
surgeons	1
dealing	1
acts	1
grown	1
socialist	1
decided	1
delighted	1
personal	1
beca	1
career	1
cruzâ€™s	1
idiots	1
lockdown	1
dorsey	1
defensive	1
mil	1
janesville	1
traveling	1
department	1
ca-district	1
de	1
morgan	1
reading	1
cameroon	1
early	1
classic	1
vehicle	1
pants	1
libertarian	1
saveh4ead	1
constituents	1
blavatnik	1
interns	1
valencia	1
